{"cameraMode":{"drawMode":0,"name":"Shaded","section":"Shading Mode"},"sceneLighting":true,"audioPlay":false,"sceneViewState":{"showFog":true,"showMaterialUpdate":false,"showSkybox":true,"showFlares":true,"showImageEffects":true,"showParticleSystems":true},"in2DMode":false,"pivot":{"x":-2.101672887802124,"y":-3.0349841117858888,"z":-0.04793262481689453},"rotation":{"x":-0.00160046701785177,"y":0.9972822666168213,"z":-0.02275141142308712,"w":-0.07012361288070679},"size":5.906524181365967,"orthographic":false}