{"cameraMode":{"drawMode":0,"name":"Shaded","section":"Shading Mode"},"sceneLighting":true,"audioPlay":false,"sceneViewState":{"showFog":true,"showMaterialUpdate":false,"showSkybox":true,"showFlares":true,"showImageEffects":true,"showParticleSystems":true},"in2DMode":false,"pivot":{"x":1.2817493677139283,"y":-0.6136579513549805,"z":1.2984771728515626},"rotation":{"x":-0.013232320547103882,"y":0.9852772951126099,"z":-0.1446898877620697,"w":-0.09010625630617142},"size":2.9673361778259279,"orthographic":false}